Workbook

Sheet HOME
A1: CREATE WELL • COMMUNITY HOME
A2: Internal Sheets dashboard inspired by the public brand experience. CR8W.COM IS TEAM ONLY. Public links use a separate domain placeholder.
A4: A COMMUNITY OF CREATIVE BEINGS COMING HOME
A5: We build invitations for artists and burnt-out creatives to create with joy, then make the next return obvious, gentle, and alive.
A8: THIS WEEK AT THE WELL
A9: Signal | B9: Current | C9: Goal | D9: Next move | E9: Owner | F9: Due
A10: Attendees logged | B10: =COUNTA(ATTENDEES!A5:A204) | C10: All attendees within 48h | D10: Add missing launch-night names | E10: Event lead
A11: Welcomed | B11: =COUNTIF(ATTENDEES!J5:J204,"Sent") | C11: =B10 | D11: Send one useful follow-up, not a drip campaign | E11: Sunshine
A12: Came home | B12: =COUNTIF(ATTENDEES!L5:L204,"Yes") | C12: =IFERROR(B11/B10,0) | D12: Invite to public community pathway | E12: Sunshine
A13: Returned | B13: =COUNTIF(ATTENDEES!N5:N204,"Yes") | C13: =IFERROR(B12/B11,0) | D13: Offer the next right-sized gathering | E13: Bingle
A14: Deeper participation | B14: =COUNTIF(ATTENDEES!P5:P204,"Yes") | C14: =IFERROR(B13/B12,0) | D14: Personally invite aligned repeat attendees | E14: Monica + Sunshine
A16: THE PUBLIC PATHWAY
A17: 1 • ARRIVE | B17: 2 • EXHALE | C17: 3 • COME HOME | D17: 4 • RETURN | E17: 5 • DEEPEN
A18: Event, podcast, referral | B18: Thank-you + promised resources | C18: Public community signup | D18: Low-stakes meetup, Open Studio, book club | E18: Workshop, collaborator, shadow host
A19: Feel welcomed | B19: Feel remembered | C19: Choose connection | D19: Experience belonging | E19: Practice reciprocity
A21: ONE CURRENT DECISION
A22: YES: Use one post-event invitation to the separate public Create Well home. NOT NOW: memberships, points, automations, or exposing cr8w.com.

Sheet PUBLIC PATHWAY
A1: PUBLIC PATHWAY
A2: This is a return path, not a pressure tunnel. One clear invitation at each stage. Public domain remains separate from cr8w.com.
A4: Stage | B4: Person state | C4: Public experience | D4: Single invitation | E4: Value delivered first | F4: Success signal | G4: Owner | H4: Boundary
A5: ARRIVE | B5: Curious / first contact | C5: Event, podcast, collaborator referral | D5: Join the room | E5: A warm, low-performance experience | F5: Attended or listened | G5: Event lead | H5: Do not demand signup before trust
A6: EXHALE | B6: Just attended | C6: Thank-you within 24–48 hours | D6: Receive the promised resources | E6: Photos, links, reflection, gratitude | F6: Opened or replied | G6: Sunshine | H6: No multi-email nurture maze
A7: COME HOME | B7: Wants more connection | C7: Separate public Create Well home | D7: Join updates / community | E7: Future dates and one useful creative prompt | F7: Opted in | G7: Sunshine | H7: Never link to cr8w.com
A8: RETURN | B8: Recognizes the people and rhythm | C8: Open Studio, drop-in, book club, city drop | D8: Choose one next gathering | E8: Low-stakes shared practice | F8: Attended again | G8: Bingle | H8: A hang, not a curriculum
A9: DEEPEN | B9: Repeat participant with reciprocal energy | C9: Workshop, collaboration, host bench | D9: Accept a personal invitation | E9: Meaningful role or deeper practice | F9: Joined / contributed | G9: Monica + Sunshine | H9: Invitation, never silent labor transfer
A12: 14-DAY EVENT RETURN RHYTHM
A13: When | B13: Touchpoint | C13: Purpose | D13: CTA | E13: Channel | F13: Owner | G13: Asset | H13: Stop rule
A14: At RSVP | B14: Confirmation | C14: Reduce uncertainty | D14: Add to calendar | E14: Event platform | F14: Event lead | G14: Arrival details | H14: No extra ask
A15: At event | B15: Visible public QR | C15: Offer continuity without interrupting the room | D15: Come home | E15: Sign / QR | F15: Day-of support | G15: Public domain landing page | H15: Mention once
A16: Within 24–48h | B16: Thank-you | C16: Deliver what was promised | D16: Follow the podcast OR come home | E16: Email | F16: Sunshine | G16: Follow-up template | H16: One primary CTA
A17: Day 5–7 | B17: Human check-in | C17: Respond to actual connection | D17: Reply / share what stayed with you | E17: Personal text or DM | F17: Natural relationship holder | G17: Short note | H17: Only for warm relationships
A18: Day 10–14 | B18: Next invitation | C18: Make returning easy | D18: RSVP to one low-stakes gathering | E18: Email / public update | F18: Sunshine + Bingle | G18: Next event page | H18: No event = no email
A19: After 2nd event | B19: Personal invitation | C19: Recognize reciprocal energy | D19: Workshop / collaboration / shadow host | E19: Personal message | F19: Monica + Sunshine | G19: Specific ask | H19: No vague “help us” request

Sheet ATTENDEES
A1: ATTENDEE RELATIONSHIPS
A2: Only track what helps the team care well. Consent, context, and the next useful invitation. Delete stale data.
A4: Attendee ID | B4: Name | C4: Email / handle | D4: Event | E4: Event date | F4: How they arrived | G4: Interest signal | H4: What refills them | I4: Permission | J4: Thank-you | K4: Public invite | L4: Came home | M4: Next invitation | N4: Returned | O4: Deeper pathway | P4: Deepened | Q4: Notes / relationship context
A5: =IF(B5="","","CW-"&TEXT(ROW()-4,"000"))
A6: =IF(B6="","","CW-"&TEXT(ROW()-4,"000"))
A7: =IF(B7="","","CW-"&TEXT(ROW()-4,"000"))
A8: =IF(B8="","","CW-"&TEXT(ROW()-4,"000"))
A9: =IF(B9="","","CW-"&TEXT(ROW()-4,"000"))
A10: =IF(B10="","","CW-"&TEXT(ROW()-4,"000"))
A11: =IF(B11="","","CW-"&TEXT(ROW()-4,"000"))
A12: =IF(B12="","","CW-"&TEXT(ROW()-4,"000"))
A13: =IF(B13="","","CW-"&TEXT(ROW()-4,"000"))
A14: =IF(B14="","","CW-"&TEXT(ROW()-4,"000"))
A15: =IF(B15="","","CW-"&TEXT(ROW()-4,"000"))
A16: =IF(B16="","","CW-"&TEXT(ROW()-4,"000"))
... A204: =IF(B204="","","CW-"&TEXT(ROW()-4,"000"))

Sheet EVENTS
A1: EVENTS
A2: Public experience planning plus the one return invitation. Internal production remains at cr8w.com.
A4: Event ID | B4: Event | C4: Type | D4: Date | E4: Public URL | F4: Desired body-feel | G4: Primary invitation | H4: Owner | I4: Capacity | J4: Status | K4: Depanty / learning
A5: =IF(B5="","","EV-"&TEXT(ROW()-4,"000"))
A6: =IF(B6="","","EV-"&TEXT(ROW()-4,"000"))
A7: =IF(B7="","","EV-"&TEXT(ROW()-4,"000"))
A8: =IF(B8="","","EV-"&TEXT(ROW()-4,"000"))
A9: =IF(B9="","","EV-"&TEXT(ROW()-4,"000"))
A10: =IF(B10="","","EV-"&TEXT(ROW()-4,"000"))
A11: =IF(B11="","","EV-"&TEXT(ROW()-4,"000"))
A12: =IF(B12="","","EV-"&TEXT(ROW()-4,"000"))
A13: =IF(B13="","","EV-"&TEXT(ROW()-4,"000"))
A14: =IF(B14="","","EV-"&TEXT(ROW()-4,"000"))
A15: =IF(B15="","","EV-"&TEXT(ROW()-4,"000"))
A16: =IF(B16="","","EV-"&TEXT(ROW()-4,"000"))
... A104: =IF(B104="","","EV-"&TEXT(ROW()-4,"000"))

Sheet COPY + TOUCHPOINTS
A1: COPY + TOUCHPOINTS
A2: Website-aligned language for invitations that feel like an exhale, not a chase sequence.
A4: Moment | B4: Audience state | C4: Purpose | D4: Editable copy | E4: Primary link | F4: Owner
A5: Public home hero | B5: Seeking / burned out | C5: Recognition | D5: A community of creative beings coming home. Create with joy, with other people who get it. | E5: [PUBLIC CREATE WELL DOMAIN] | F5: Sunshine
A6: Community CTA | B6: Interested | C6: Opt in | D6: Come home. Get future gatherings, creative prompts, and invitations when the next room is ready. | E6: [PUBLIC CREATE WELL DOMAIN] | F6: Sunshine
A7: Event QR | B7: Present in room | C7: Continuity | D7: Want to find your way back? Come home here. | E7: [PUBLIC CREATE WELL DOMAIN] | F7: Day-of support
A8: 24–48h thank-you | B8: Just attended | C8: Deliver value | D8: You made the room what it was. Here are the things we promised, plus one way to stay close. | E8: [PUBLIC CREATE WELL DOMAIN] | F8: Sunshine
A9: Personal check-in | B9: Warm relationship | C9: Listen | D9: What stayed with you after the room? No homework. We are just curious. | F9: Natural relationship holder
A10: Return invite | B10: Opted in | C10: Make return easy | D10: The next room is ready. Come as you are. Bring whatever you are making, avoiding, or remembering. | E10: [PUBLIC CREATE WELL DOMAIN] | F10: Sunshine + Bingle
A11: Shadow host invite | B11: Repeat attendee | C11: Deepen reciprocity | D11: We have loved how you show up in the room. Want to shadow one gathering and see how it feels? No pressure, no surprise job description. | F11: Monica + Sunshine
A12: Not now | B12: Any | C12: Release pressure | D12: Nothing to do today. We will be here when the next invitation feels like a yes. | F12: Team

Sheet METRICS
A1: COMMUNITY SIGNALS
A2: Measure return and reciprocity, not attention theater. Blank denominators stay blank.
A4: Signal | B4: Current | C4: Denominator | D4: Rate | E4: Healthy direction | F4: Interpretation
A5: Attendees logged | B5: =COUNTA(ATTENDEES!B5:B204) | E5: Complete | F5: Basic relationship receipt
A6: Thank-you sent | B6: =COUNTIF(ATTENDEES!J5:J204,"Sent") | C6: =B5 | D6: =IFERROR(B6/C6,0) | E6: 90%+ within 48h | F6: Did we close the care loop?
A7: Public invitations sent | B7: =COUNTIF(ATTENDEES!K5:K204,"Sent") | C7: =B6 | D7: =IFERROR(B7/C7,0) | E7: High, if permission exists | F7: Did we make the next door visible?
A8: Came home | B8: =COUNTIF(ATTENDEES!L5:L204,"Yes") | C8: =B7 | D8: =IFERROR(B8/C8,0) | E8: Directional, not quota | F8: Did the invitation feel aligned?
A9: Returned | B9: =COUNTIF(ATTENDEES!N5:N204,"Yes") | C9: =B8 | D9: =IFERROR(B9/C9,0) | E9: Rising over time | F9: Did belonging become behavior?
A10: Deepened | B10: =COUNTIF(ATTENDEES!P5:P204,"Yes") | C10: =B9 | D10: =IFERROR(B10/C10,0) | E10: Small and reciprocal | F10: Are repeat people finding meaningful roles?
A11: Relationship notes present | B11: =COUNTIF(ATTENDEES!Q5:Q204,"?*") | C11: =B5 | D11: =IFERROR(B11/C11,0) | E11: Useful, not invasive | F11: Are we remembering people as humans?

Sheet SURVEY SIGNALS
A1: LAUNCH SURVEY SIGNALS
A2: Small directional room sample. Use it to choose the next experiment, not to manufacture audience certainty.
A4: Question | B4: Rank | C4: Response | D4: Count | E4: Share | F4: Use in pathway
A5: Q1 Biggest thief of creative joy | B5: 1 | C5: Creative paralysis, imposter syndrome, not knowing where to start | D5: 8 | E5: 0.444 | F5: Lead with relief from paralysis and pressure, not productivity.
A6: Q1 Biggest thief of creative joy | B6: 2 | C6: Hustle culture trap & pressure to commodify my art | D6: 7 | E6: 0.389 | F6: Lead with relief from paralysis and pressure, not productivity.
A7: Q1 Biggest thief of creative joy | B7: 3 | C7: Corporate/client burnout draining my brain | D7: 3 | E7: 0.167 | F7: Lead with relief from paralysis and pressure, not productivity.
A8: Q1 Biggest thief of creative joy | B8: 4 | C8: Isolation / lack of non-competitive creative friends | D8: 0 | E8: 0 | F8: Lead with relief from paralysis and pressure, not productivity.
A9: Q2 What refills your well | B9: 1 | C9: Somatic grounding, bodywork, rest, nervous system care | D9: 7 | E9: 0.368 | F9: Deliver grounding, honest conversation, and play before asking.
A10: Q2 What refills your well | B10: 2 | C10: Deep, unfiltered conversations with creative playmates | D10: 6 | E10: 0.316 | F10: Deliver grounding, honest conversation, and play before asking.
A11: Q2 What refills your well | B11: 3 | C11: Unplugged play | D11: 3 | E11: 0.158 | F11: Deliver grounding, honest conversation, and play before asking.
A12: Q2 What refills your well | B12: 3 | C12: Inspiring art, books, film, storytelling | D12: 3 | E12: 0.158 | F12: Deliver grounding, honest conversation, and play before asking.
A13: Q3 Platform & format | B13: 1 | C13: Spotify / Apple audio only | D13: 13 | E13: 0.722 | F13: Use audio as the easiest ongoing return point.
A14: Q3 Platform & format | B14: 2 | C14: YouTube on TV / laptop | D14: 4 | E14: 0.222 | F14: Use audio as the easiest ongoing return point.
A15: Q3 Platform & format | B15: 3 | C15: TikTok / Reels clips only | D15: 1 | E15: 0.056 | F15: Use audio as the easiest ongoing return point.
A16: Q3 Platform & format | B16: 4 | C16: Spotify video | D16: 0 | E16: 0 | F16: Use audio as the easiest ongoing return point.
... A33: Q8 Book club focus | B33: 4 | C33: Somatic Wellness & Rest | D33: 5 | E33: 0.192 | F33: Test a time-bounded Mindful Career & Philosophy club.

Sheet TEAM + BOUNDARIES
A1: TEAM + BOUNDARIES
A2: Care needs owners. Ownership does not erase capacity.
A4: Person / role | B4: Public pathway lane | C4: Owns | D4: Boundary | E4: Best ask
A5: Sunshine • Founding pillar | B5: Public home + communication | C5: Public pages, follow-up, promo batching, sponsorship, creative direction | D5: Can operate remotely; avoid rebuilding each campaign | E5: A decision or deliverable with due date
A6: Bingle • Momentum keeper | B6: Return experience | C6: In-person warmth, studio content, repeat-attendee relationships, workshops | D6: Should not carry every day-of detail | E6: A direct invitation and clear room role
A7: Monica • Steady presence | B7: Synthesis + bridge | C7: Relationship context, aligned introductions, deeper invitations, systems when inspired | D7: Async-first; school first; invitation, not obligation | E7: Written context and one concrete ask under 15 minutes
A8: Omar • Tech anchor | B8: Podcast return point | C8: Gear, audio, media pre-load, technical status | D8: Needs media by Thursday night for Friday recording | E8: Exact files and deadline
A9: Seasonal support | B9: Event care | C9: Setup, cleanup, welcoming, collateral | D9: Event-specific; not permanent invisible labor | E9: Specific date, time block, and scope

Sheet RESOURCES + SETTINGS
A1: RESOURCES + SETTINGS
A2: Public and internal paths stay separate. No accidental backstage tours.
A4: Resource | B4: URL / value | C4: Visibility | D4: Use
A5: Public Create Well domain | B5: [PUBLIC CREATE WELL DOMAIN] | C5: PUBLIC | D5: Future website, community signup, events, podcast, attendee pathway
A6: Temporary public link hub | B6: https://linktr.ee/brbcreatingwell | C6: PUBLIC | D6: Podcast destinations until public domain is live
A7: About Create Well | B7: https://aboutcreatewell.netlify.app/ | C7: PUBLIC / LEGACY | D7: Brand context until folded into the new public home
A8: Launch event archive | B8: https://partiful.com/e/HaA3zjBBmMzbNQDgicNd | C8: PUBLIC | D8: Past event receipt
A9: CR8W dashboard | B9: https://cr8w.com/ | C9: TEAM ONLY | D9: Internal operations, Topic Well, roles, production, Depanty
A10: Launch event team overview | B10: https://app.notion.com/p/CR8W-PODCAST-LAUNCH-EVENT-TEAM-OVERVIEW-3a58966645f48037b6fee1d2ccfed3ff?source=copy_link | C10: TEAM ONLY | D10: Live event source and verification
A11: How We Flow | B11: Create Well Collective — How We Flow (Site Clone).md | C11: TEAM ONLY | D11: Roles, monthly rhythm, event lifecycle, continuity
A12: Podcast notes | B12: CR8W Pod Notes + S(ho)w Flow.docx | C12: TEAM ONLY | D12: Friday rhythm, rituals, voice, technical receipts
A13: Topic Well | B13: The_Topic_Well.pdf | C13: TEAM ONLY | D13: Drops, Monny synthesis, gut response, locked topic
A14: iMessage sources | B14: Monshine • CR8W • Create Well Hoes | C14: TEAM ONLY | D14: Live nuance and decision receipts
A17: PUBLIC DOMAIN REQUIREMENTS
A18: Requirement | B18: Decision | C18: Status | D18: Notes
A19: Must not contain CR8W | B19: Required | C19: Locked | D19: CR8W remains internal shorthand and team workspace
A20: Easy to say aloud at events | B20: Required | C20: Open | D20: Test QR and verbal recall
A21: Supports public home + /events + /podcast + /come-home | B21: Required | C21: Open | D21: One public home, not many micro-sites
A22: Signup consent and privacy language | B22: Required | C22: Open | D22: Track only permissioned relationships
A23: Redirect legacy public links | B23: Preferred | C23: Later | D23: Do after public domain is stable

Sheet CHANGE LOG
A1: CHANGE LOG
A2: Version receipt. Change the system only when the current flow produces evidence.
A4: Date | B4: Version | C4: Changed by | D4: What changed | E4: Why
A5: 2026-08-02 | B5: v2.0 | C5: Assistant | D5: Rebuilt as a website-shaped Sheets dashboard with a five-stage attendee return pathway | E5: Integrate public community strategy without exposing cr8w.com
A6: 2026-08-02 | B6: v2.0 | C6: Monica | D6: Reserved cr8w.com for team use only; public domain separated | E6: Protect internal operations and clarify audience pathways
A7: 2026-08-02 | B7: v2.0 | C7: Assistant | D7: Added attendee relationship tracker, event return rhythm, copy bank, metrics, survey signals, roles, and settings | E7: Use one light system instead of another app or funnel
